{"cameraMode":{"drawMode":0,"name":"Shaded","section":"Shading Mode"},"sceneLighting":true,"audioPlay":false,"sceneViewState":{"showFog":true,"showMaterialUpdate":false,"showSkybox":true,"showFlares":true,"showImageEffects":true,"showParticleSystems":true},"in2DMode":false,"pivot":{"x":3.725358009338379,"y":-0.5345262289047241,"z":-2.756488800048828},"rotation":{"x":-0.01895313151180744,"y":0.9610362648963928,"z":-0.06816457957029343,"w":-0.26721569895744326},"size":14.952688217163086,"orthographic":false}