{"cameraMode":{"drawMode":0,"name":"Shaded","section":"Shading Mode"},"sceneLighting":true,"audioPlay":false,"sceneViewState":{"showFog":true,"showMaterialUpdate":false,"showSkybox":true,"showFlares":true,"showImageEffects":true,"showParticleSystems":true},"in2DMode":false,"pivot":{"x":0.1986846923828125,"y":1.1943359375,"z":-0.9453125},"rotation":{"x":-0.4159555435180664,"y":-0.006841584574431181,"z":0.003123229369521141,"w":-0.909367561340332},"size":9.381574630737305,"orthographic":true}