{"cameraMode":{"drawMode":0,"name":"Shaded","section":"Shading Mode"},"sceneLighting":true,"audioPlay":false,"sceneViewState":{"showFog":true,"showMaterialUpdate":false,"showSkybox":true,"showFlares":true,"showImageEffects":true,"showParticleSystems":true},"in2DMode":false,"pivot":{"x":-0.6012794971466065,"y":1.5218276977539063,"z":-0.37695497274398806},"rotation":{"x":0.04495878890156746,"y":-0.6950573921203613,"z":-0.043630942702293399,"w":-0.716221809387207},"size":16.129291534423829,"orthographic":false}