{"cameraMode":{"drawMode":0,"name":"Shaded","section":"Shading Mode"},"sceneLighting":true,"audioPlay":false,"sceneViewState":{"showFog":true,"showMaterialUpdate":false,"showSkybox":true,"showFlares":true,"showImageEffects":true,"showParticleSystems":true},"in2DMode":false,"pivot":{"x":0.028564453125,"y":1.5008544921875,"z":0.70068359375},"rotation":{"x":-0.04432997852563858,"y":-0.17001834511756898,"z":0.0076543595641851429,"w":-0.9844273328781128},"size":3.5388474464416506,"orthographic":true}