{"cameraMode":{"drawMode":0,"name":"Shaded","section":"Shading Mode"},"sceneLighting":true,"audioPlay":false,"sceneViewState":{"showFog":true,"showMaterialUpdate":false,"showSkybox":true,"showFlares":true,"showImageEffects":true,"showParticleSystems":true},"in2DMode":false,"pivot":{"x":-0.0930505022406578,"y":-19.84590721130371,"z":0.06117601692676544},"rotation":{"x":-0.14844445884227754,"y":-0.3657193183898926,"z":0.059201788157224658,"w":-0.9169150590896606},"size":0.14564970135688783,"orthographic":true}