{"cameraMode":{"drawMode":0,"name":"Shaded","section":"Shading Mode"},"sceneLighting":true,"audioPlay":false,"sceneViewState":{"showFog":true,"showMaterialUpdate":false,"showSkybox":true,"showFlares":true,"showImageEffects":true,"showParticleSystems":true},"in2DMode":false,"pivot":{"x":0.5,"y":1.3949999809265137,"z":-3.725290298461914e-9},"rotation":{"x":-0.044614147394895557,"y":-0.17179004848003388,"z":0.007774753496050835,"w":-0.9841196537017822},"size":1.9991384744644166,"orthographic":true}