{"cameraMode":{"drawMode":0,"name":"Shaded","section":"Shading Mode"},"sceneLighting":true,"audioPlay":false,"sceneViewState":{"showFog":true,"showMaterialUpdate":false,"showSkybox":true,"showFlares":true,"showImageEffects":true,"showParticleSystems":true},"in2DMode":false,"pivot":{"x":2.8651695251464845,"y":4.0,"z":7.623857498168945},"rotation":{"x":-0.044614147394895557,"y":-0.17179004848003388,"z":0.007774753496050835,"w":-0.9841196537017822},"size":14.061643600463868,"orthographic":true}