{"cameraMode":{"drawMode":0,"name":"Shaded","section":"Shading Mode"},"sceneLighting":true,"audioPlay":false,"sceneViewState":{"showFog":true,"showMaterialUpdate":false,"showSkybox":true,"showFlares":true,"showImageEffects":true,"showParticleSystems":true},"in2DMode":false,"pivot":{"x":-2.0805821418762209,"y":0.6006122827529907,"z":-12.275014877319336},"rotation":{"x":-0.005997231230139732,"y":-0.02999495528638363,"z":-0.00017997102986555547,"w":0.9995320439338684},"size":4.650000095367432,"orthographic":false}