{"cameraMode":{"drawMode":0,"name":"Shaded","section":"Shading Mode"},"sceneLighting":true,"audioPlay":false,"sceneViewState":{"showFog":true,"showMaterialUpdate":false,"showSkybox":true,"showFlares":true,"showImageEffects":true,"showParticleSystems":true},"in2DMode":false,"pivot":{"x":-2.410984516143799,"y":0.09568297863006592,"z":13.085651397705079},"rotation":{"x":0.008625879883766175,"y":0.12030020356178284,"z":0.001045276178047061,"w":-0.9926996231079102},"size":15.089582443237305,"orthographic":false}